layer_type                 , num_layers, num_weights       , num_inputs, num_outputs, num_macs , cycles, input_data_elements, output_data_elements, bw_in_elements_per_cycle, bw_out_elements_per_cycle, bw_total_elements_per_cycle, macs_status, input_shape                                 , output_shape       , batch_size, layer_name
Conv2d + BatchNorm2d + ReLU,          3, 9408 + 128 + 0    ,     150528,      802816, 118013952, 921984,            160064.0,               802816,                         ,                          ,         1.044356518117451  , ok         , "(1, 3, 224, 224)"                          , "(1, 64, 112, 112)",          1, conv1 + bn1 + relu
MaxPool2d                  ,          1, 0                 ,     802816,      200704,   1806336,  14112,            802816.0,               200704,                         ,                          ,        71.11111111111111   , ok         , "(1, 64, 112, 112)"                         , "(1, 64, 56, 56)"  ,          1, maxpool
Conv2d + BatchNorm2d + ReLU,          3, 4096 + 128 + 0    ,     200704,      200704,  12845056, 100352,            204928.0,               200704,                         ,                          ,         4.042091836734694  , ok         , "(1, 64, 56, 56)"                           , "(1, 64, 56, 56)"  ,          1, layer1.0.conv1 + layer1.0.bn1 + layer1.0.relu
Conv2d + BatchNorm2d       ,          2, 36864 + 128       ,     200704,      200704, 115605504, 903168,            237696.0,               200704,                         ,                          ,         0.48540249433106575, ok         , "(1, 64, 56, 56)"                           , "(1, 64, 56, 56)"  ,          1, layer1.0.conv2 + layer1.0.bn2
Conv2d + BatchNorm2d       ,          2, 16384 + 512       ,     200704,      802816,  51380224, 401408,            217600.0,               802816,                         ,                          ,         2.542091836734694  , ok         , "(1, 64, 56, 56)"                           , "(1, 256, 56, 56)" ,          1, layer1.0.conv3 + layer1.0.bn3
Conv2d + BatchNorm2d       ,          2, 16384 + 512       ,     200704,      802816,  51380224, 401408,            217600.0,               802816,                         ,                          ,         2.542091836734694  , ok         , "(1, 64, 56, 56)"                           , "(1, 256, 56, 56)" ,          1, layer1.0.downsample.0 + layer1.0.downsample.1
ResidualAdd                ,          1, 0                 ,    1605632,      802816,    802816,   6272,           1605632.0,               802816,                         ,                          ,       384.0                , ok         , "['(1, 256, 56, 56)', '(1, 256, 56, 56)']"  , "(1, 256, 56, 56)" ,          1, residual_add_0
Conv2d + BatchNorm2d + ReLU,          3, 16384 + 128 + 0   ,     802816,      200704,  51380224, 401408,            819328.0,               200704,                         ,                          ,         2.5411352040816326 , ok         , "(1, 256, 56, 56)"                          , "(1, 64, 56, 56)"  ,          1, layer1.1.conv1 + layer1.1.bn1 + layer1.1.relu
Conv2d + BatchNorm2d       ,          2, 36864 + 128       ,     200704,      200704, 115605504, 903168,            237696.0,               200704,                         ,                          ,         0.48540249433106575, ok         , "(1, 64, 56, 56)"                           , "(1, 64, 56, 56)"  ,          1, layer1.1.conv2 + layer1.1.bn2
Conv2d + BatchNorm2d       ,          2, 16384 + 512       ,     200704,      802816,  51380224, 401408,            217600.0,               802816,                         ,                          ,         2.542091836734694  , ok         , "(1, 64, 56, 56)"                           , "(1, 256, 56, 56)" ,          1, layer1.1.conv3 + layer1.1.bn3
ResidualAdd                ,          1, 0                 ,    1605632,      802816,    802816,   6272,           1605632.0,               802816,                         ,                          ,       384.0                , ok         , "['(1, 256, 56, 56)', '(1, 256, 56, 56)']"  , "(1, 256, 56, 56)" ,          1, residual_add_1
Conv2d + BatchNorm2d + ReLU,          3, 16384 + 128 + 0   ,     802816,      200704,  51380224, 401408,            819328.0,               200704,                         ,                          ,         2.5411352040816326 , ok         , "(1, 256, 56, 56)"                          , "(1, 64, 56, 56)"  ,          1, layer1.2.conv1 + layer1.2.bn1 + layer1.2.relu
Conv2d + BatchNorm2d       ,          2, 36864 + 128       ,     200704,      200704, 115605504, 903168,            237696.0,               200704,                         ,                          ,         0.48540249433106575, ok         , "(1, 64, 56, 56)"                           , "(1, 64, 56, 56)"  ,          1, layer1.2.conv2 + layer1.2.bn2
Conv2d + BatchNorm2d       ,          2, 16384 + 512       ,     200704,      802816,  51380224, 401408,            217600.0,               802816,                         ,                          ,         2.542091836734694  , ok         , "(1, 64, 56, 56)"                           , "(1, 256, 56, 56)" ,          1, layer1.2.conv3 + layer1.2.bn3
ResidualAdd                ,          1, 0                 ,    1605632,      802816,    802816,   6272,           1605632.0,               802816,                         ,                          ,       384.0                , ok         , "['(1, 256, 56, 56)', '(1, 256, 56, 56)']"  , "(1, 256, 56, 56)" ,          1, residual_add_2
Conv2d + BatchNorm2d + ReLU,          3, 32768 + 256 + 0   ,     802816,      401408, 102760448, 802816,            835840.0,               401408,                         ,                          ,         1.5411352040816326 , ok         , "(1, 256, 56, 56)"                          , "(1, 128, 56, 56)" ,          1, layer2.0.conv1 + layer2.0.bn1 + layer2.0.relu
Conv2d + BatchNorm2d       ,          2, 147456 + 256      ,     401408,      100352, 115605504, 903168,            549120.0,               100352,                         ,                          ,         0.7191043083900226 , ok         , "(1, 128, 56, 56)"                          , "(1, 128, 28, 28)" ,          1, layer2.0.conv2 + layer2.0.bn2
Conv2d + BatchNorm2d       ,          2, 65536 + 1024      ,     100352,      401408,  51380224, 401408,            166912.0,               401408,                         ,                          ,         1.4158163265306123 , ok         , "(1, 128, 28, 28)"                          , "(1, 512, 28, 28)" ,          1, layer2.0.conv3 + layer2.0.bn3
Conv2d + BatchNorm2d       ,          2, 131072 + 1024     ,     802816,      401408, 102760448, 802816,            934912.0,               401408,                         ,                          ,         1.6645408163265305 , ok         , "(1, 256, 56, 56)"                          , "(1, 512, 28, 28)" ,          1, layer2.0.downsample.0 + layer2.0.downsample.1
ResidualAdd                ,          1, 0                 ,     802816,      401408,    401408,   3136,            802816.0,               401408,                         ,                          ,       384.0                , ok         , "['(1, 512, 28, 28)', '(1, 512, 28, 28)']"  , "(1, 512, 28, 28)" ,          1, residual_add_3
Conv2d + BatchNorm2d + ReLU,          3, 65536 + 256 + 0   ,     401408,      100352,  51380224, 401408,            467200.0,               100352,                         ,                          ,         1.4139030612244898 , ok         , "(1, 512, 28, 28)"                          , "(1, 128, 28, 28)" ,          1, layer2.1.conv1 + layer2.1.bn1 + layer2.1.relu
Conv2d + BatchNorm2d       ,          2, 147456 + 256      ,     100352,      100352, 115605504, 903168,            248064.0,               100352,                         ,                          ,         0.38577097505668934, ok         , "(1, 128, 28, 28)"                          , "(1, 128, 28, 28)" ,          1, layer2.1.conv2 + layer2.1.bn2
Conv2d + BatchNorm2d       ,          2, 65536 + 1024      ,     100352,      401408,  51380224, 401408,            166912.0,               401408,                         ,                          ,         1.4158163265306123 , ok         , "(1, 128, 28, 28)"                          , "(1, 512, 28, 28)" ,          1, layer2.1.conv3 + layer2.1.bn3
ResidualAdd                ,          1, 0                 ,     802816,      401408,    401408,   3136,            802816.0,               401408,                         ,                          ,       384.0                , ok         , "['(1, 512, 28, 28)', '(1, 512, 28, 28)']"  , "(1, 512, 28, 28)" ,          1, residual_add_4
Conv2d + BatchNorm2d + ReLU,          3, 65536 + 256 + 0   ,     401408,      100352,  51380224, 401408,            467200.0,               100352,                         ,                          ,         1.4139030612244898 , ok         , "(1, 512, 28, 28)"                          , "(1, 128, 28, 28)" ,          1, layer2.2.conv1 + layer2.2.bn1 + layer2.2.relu
Conv2d + BatchNorm2d       ,          2, 147456 + 256      ,     100352,      100352, 115605504, 903168,            248064.0,               100352,                         ,                          ,         0.38577097505668934, ok         , "(1, 128, 28, 28)"                          , "(1, 128, 28, 28)" ,          1, layer2.2.conv2 + layer2.2.bn2
Conv2d + BatchNorm2d       ,          2, 65536 + 1024      ,     100352,      401408,  51380224, 401408,            166912.0,               401408,                         ,                          ,         1.4158163265306123 , ok         , "(1, 128, 28, 28)"                          , "(1, 512, 28, 28)" ,          1, layer2.2.conv3 + layer2.2.bn3
ResidualAdd                ,          1, 0                 ,     802816,      401408,    401408,   3136,            802816.0,               401408,                         ,                          ,       384.0                , ok         , "['(1, 512, 28, 28)', '(1, 512, 28, 28)']"  , "(1, 512, 28, 28)" ,          1, residual_add_5
Conv2d + BatchNorm2d + ReLU,          3, 65536 + 256 + 0   ,     401408,      100352,  51380224, 401408,            467200.0,               100352,                         ,                          ,         1.4139030612244898 , ok         , "(1, 512, 28, 28)"                          , "(1, 128, 28, 28)" ,          1, layer2.3.conv1 + layer2.3.bn1 + layer2.3.relu
Conv2d + BatchNorm2d       ,          2, 147456 + 256      ,     100352,      100352, 115605504, 903168,            248064.0,               100352,                         ,                          ,         0.38577097505668934, ok         , "(1, 128, 28, 28)"                          , "(1, 128, 28, 28)" ,          1, layer2.3.conv2 + layer2.3.bn2
Conv2d + BatchNorm2d       ,          2, 65536 + 1024      ,     100352,      401408,  51380224, 401408,            166912.0,               401408,                         ,                          ,         1.4158163265306123 , ok         , "(1, 128, 28, 28)"                          , "(1, 512, 28, 28)" ,          1, layer2.3.conv3 + layer2.3.bn3
ResidualAdd                ,          1, 0                 ,     802816,      401408,    401408,   3136,            802816.0,               401408,                         ,                          ,       384.0                , ok         , "['(1, 512, 28, 28)', '(1, 512, 28, 28)']"  , "(1, 512, 28, 28)" ,          1, residual_add_6
Conv2d + BatchNorm2d + ReLU,          3, 65536 + 256 + 0   ,     401408,      100352,  51380224, 401408,            467200.0,               100352,                         ,                          ,         1.4139030612244898 , ok         , "(1, 512, 28, 28)"                          , "(1, 128, 28, 28)" ,          1, layer2.4.conv1 + layer2.4.bn1 + layer2.4.relu
Conv2d + BatchNorm2d       ,          2, 147456 + 256      ,     100352,      100352, 115605504, 903168,            248064.0,               100352,                         ,                          ,         0.38577097505668934, ok         , "(1, 128, 28, 28)"                          , "(1, 128, 28, 28)" ,          1, layer2.4.conv2 + layer2.4.bn2
Conv2d + BatchNorm2d       ,          2, 65536 + 1024      ,     100352,      401408,  51380224, 401408,            166912.0,               401408,                         ,                          ,         1.4158163265306123 , ok         , "(1, 128, 28, 28)"                          , "(1, 512, 28, 28)" ,          1, layer2.4.conv3 + layer2.4.bn3
ResidualAdd                ,          1, 0                 ,     802816,      401408,    401408,   3136,            802816.0,               401408,                         ,                          ,       384.0                , ok         , "['(1, 512, 28, 28)', '(1, 512, 28, 28)']"  , "(1, 512, 28, 28)" ,          1, residual_add_7
Conv2d + BatchNorm2d + ReLU,          3, 65536 + 256 + 0   ,     401408,      100352,  51380224, 401408,            467200.0,               100352,                         ,                          ,         1.4139030612244898 , ok         , "(1, 512, 28, 28)"                          , "(1, 128, 28, 28)" ,          1, layer2.5.conv1 + layer2.5.bn1 + layer2.5.relu
Conv2d + BatchNorm2d       ,          2, 147456 + 256      ,     100352,      100352, 115605504, 903168,            248064.0,               100352,                         ,                          ,         0.38577097505668934, ok         , "(1, 128, 28, 28)"                          , "(1, 128, 28, 28)" ,          1, layer2.5.conv2 + layer2.5.bn2
Conv2d + BatchNorm2d       ,          2, 65536 + 1024      ,     100352,      401408,  51380224, 401408,            166912.0,               401408,                         ,                          ,         1.4158163265306123 , ok         , "(1, 128, 28, 28)"                          , "(1, 512, 28, 28)" ,          1, layer2.5.conv3 + layer2.5.bn3
ResidualAdd                ,          1, 0                 ,     802816,      401408,    401408,   3136,            802816.0,               401408,                         ,                          ,       384.0                , ok         , "['(1, 512, 28, 28)', '(1, 512, 28, 28)']"  , "(1, 512, 28, 28)" ,          1, residual_add_8
Conv2d + BatchNorm2d + ReLU,          3, 65536 + 256 + 0   ,     401408,      100352,  51380224, 401408,            467200.0,               100352,                         ,                          ,         1.4139030612244898 , ok         , "(1, 512, 28, 28)"                          , "(1, 128, 28, 28)" ,          1, layer2.6.conv1 + layer2.6.bn1 + layer2.6.relu
Conv2d + BatchNorm2d       ,          2, 147456 + 256      ,     100352,      100352, 115605504, 903168,            248064.0,               100352,                         ,                          ,         0.38577097505668934, ok         , "(1, 128, 28, 28)"                          , "(1, 128, 28, 28)" ,          1, layer2.6.conv2 + layer2.6.bn2
Conv2d + BatchNorm2d       ,          2, 65536 + 1024      ,     100352,      401408,  51380224, 401408,            166912.0,               401408,                         ,                          ,         1.4158163265306123 , ok         , "(1, 128, 28, 28)"                          , "(1, 512, 28, 28)" ,          1, layer2.6.conv3 + layer2.6.bn3
ResidualAdd                ,          1, 0                 ,     802816,      401408,    401408,   3136,            802816.0,               401408,                         ,                          ,       384.0                , ok         , "['(1, 512, 28, 28)', '(1, 512, 28, 28)']"  , "(1, 512, 28, 28)" ,          1, residual_add_9
Conv2d + BatchNorm2d + ReLU,          3, 65536 + 256 + 0   ,     401408,      100352,  51380224, 401408,            467200.0,               100352,                         ,                          ,         1.4139030612244898 , ok         , "(1, 512, 28, 28)"                          , "(1, 128, 28, 28)" ,          1, layer2.7.conv1 + layer2.7.bn1 + layer2.7.relu
Conv2d + BatchNorm2d       ,          2, 147456 + 256      ,     100352,      100352, 115605504, 903168,            248064.0,               100352,                         ,                          ,         0.38577097505668934, ok         , "(1, 128, 28, 28)"                          , "(1, 128, 28, 28)" ,          1, layer2.7.conv2 + layer2.7.bn2
Conv2d + BatchNorm2d       ,          2, 65536 + 1024      ,     100352,      401408,  51380224, 401408,            166912.0,               401408,                         ,                          ,         1.4158163265306123 , ok         , "(1, 128, 28, 28)"                          , "(1, 512, 28, 28)" ,          1, layer2.7.conv3 + layer2.7.bn3
ResidualAdd                ,          1, 0                 ,     802816,      401408,    401408,   3136,            802816.0,               401408,                         ,                          ,       384.0                , ok         , "['(1, 512, 28, 28)', '(1, 512, 28, 28)']"  , "(1, 512, 28, 28)" ,          1, residual_add_10
Conv2d + BatchNorm2d + ReLU,          3, 131072 + 512 + 0  ,     401408,      200704, 102760448, 802816,            532992.0,               200704,                         ,                          ,         0.9139030612244898 , ok         , "(1, 512, 28, 28)"                          , "(1, 256, 28, 28)" ,          1, layer3.0.conv1 + layer3.0.bn1 + layer3.0.relu
Conv2d + BatchNorm2d       ,          2, 589824 + 512      ,     200704,       50176, 115605504, 903168,            791040.0,                50176,                         ,                          ,         0.93140589569161   , ok         , "(1, 256, 28, 28)"                          , "(1, 256, 14, 14)" ,          1, layer3.0.conv2 + layer3.0.bn2
Conv2d + BatchNorm2d       ,          2, 262144 + 2048     ,      50176,      200704,  51380224, 401408,            314368.0,               200704,                         ,                          ,         1.2831632653061225 , ok         , "(1, 256, 14, 14)"                          , "(1, 1024, 14, 14)",          1, layer3.0.conv3 + layer3.0.bn3
Conv2d + BatchNorm2d       ,          2, 524288 + 2048     ,     401408,      200704, 102760448, 802816,            927744.0,               200704,                         ,                          ,         1.4056122448979593 , ok         , "(1, 512, 28, 28)"                          , "(1, 1024, 14, 14)",          1, layer3.0.downsample.0 + layer3.0.downsample.1
ResidualAdd                ,          1, 0                 ,     401408,      200704,    200704,   1568,            401408.0,               200704,                         ,                          ,       384.0                , ok         , "['(1, 1024, 14, 14)', '(1, 1024, 14, 14)']", "(1, 1024, 14, 14)",          1, residual_add_11
Conv2d + BatchNorm2d + ReLU,          3, 262144 + 512 + 0  ,     200704,       50176,  51380224, 401408,            463360.0,                50176,                         ,                          ,         1.2793367346938775 , ok         , "(1, 1024, 14, 14)"                         , "(1, 256, 14, 14)" ,          1, layer3.1.conv1 + layer3.1.bn1 + layer3.1.relu
Conv2d + BatchNorm2d       ,          2, 589824 + 512      ,      50176,       50176, 115605504, 903168,            640512.0,                50176,                         ,                          ,         0.7647392290249434 , ok         , "(1, 256, 14, 14)"                          , "(1, 256, 14, 14)" ,          1, layer3.1.conv2 + layer3.1.bn2
Conv2d + BatchNorm2d       ,          2, 262144 + 2048     ,      50176,      200704,  51380224, 401408,            314368.0,               200704,                         ,                          ,         1.2831632653061225 , ok         , "(1, 256, 14, 14)"                          , "(1, 1024, 14, 14)",          1, layer3.1.conv3 + layer3.1.bn3
ResidualAdd                ,          1, 0                 ,     401408,      200704,    200704,   1568,            401408.0,               200704,                         ,                          ,       384.0                , ok         , "['(1, 1024, 14, 14)', '(1, 1024, 14, 14)']", "(1, 1024, 14, 14)",          1, residual_add_12
Conv2d + BatchNorm2d + ReLU,          3, 262144 + 512 + 0  ,     200704,       50176,  51380224, 401408,            463360.0,                50176,                         ,                          ,         1.2793367346938775 , ok         , "(1, 1024, 14, 14)"                         , "(1, 256, 14, 14)" ,          1, layer3.2.conv1 + layer3.2.bn1 + layer3.2.relu
Conv2d + BatchNorm2d       ,          2, 589824 + 512      ,      50176,       50176, 115605504, 903168,            640512.0,                50176,                         ,                          ,         0.7647392290249434 , ok         , "(1, 256, 14, 14)"                          , "(1, 256, 14, 14)" ,          1, layer3.2.conv2 + layer3.2.bn2
Conv2d + BatchNorm2d       ,          2, 262144 + 2048     ,      50176,      200704,  51380224, 401408,            314368.0,               200704,                         ,                          ,         1.2831632653061225 , ok         , "(1, 256, 14, 14)"                          , "(1, 1024, 14, 14)",          1, layer3.2.conv3 + layer3.2.bn3
ResidualAdd                ,          1, 0                 ,     401408,      200704,    200704,   1568,            401408.0,               200704,                         ,                          ,       384.0                , ok         , "['(1, 1024, 14, 14)', '(1, 1024, 14, 14)']", "(1, 1024, 14, 14)",          1, residual_add_13
Conv2d + BatchNorm2d + ReLU,          3, 262144 + 512 + 0  ,     200704,       50176,  51380224, 401408,            463360.0,                50176,                         ,                          ,         1.2793367346938775 , ok         , "(1, 1024, 14, 14)"                         , "(1, 256, 14, 14)" ,          1, layer3.3.conv1 + layer3.3.bn1 + layer3.3.relu
Conv2d + BatchNorm2d       ,          2, 589824 + 512      ,      50176,       50176, 115605504, 903168,            640512.0,                50176,                         ,                          ,         0.7647392290249434 , ok         , "(1, 256, 14, 14)"                          , "(1, 256, 14, 14)" ,          1, layer3.3.conv2 + layer3.3.bn2
Conv2d + BatchNorm2d       ,          2, 262144 + 2048     ,      50176,      200704,  51380224, 401408,            314368.0,               200704,                         ,                          ,         1.2831632653061225 , ok         , "(1, 256, 14, 14)"                          , "(1, 1024, 14, 14)",          1, layer3.3.conv3 + layer3.3.bn3
ResidualAdd                ,          1, 0                 ,     401408,      200704,    200704,   1568,            401408.0,               200704,                         ,                          ,       384.0                , ok         , "['(1, 1024, 14, 14)', '(1, 1024, 14, 14)']", "(1, 1024, 14, 14)",          1, residual_add_14
Conv2d + BatchNorm2d + ReLU,          3, 262144 + 512 + 0  ,     200704,       50176,  51380224, 401408,            463360.0,                50176,                         ,                          ,         1.2793367346938775 , ok         , "(1, 1024, 14, 14)"                         , "(1, 256, 14, 14)" ,          1, layer3.4.conv1 + layer3.4.bn1 + layer3.4.relu
Conv2d + BatchNorm2d       ,          2, 589824 + 512      ,      50176,       50176, 115605504, 903168,            640512.0,                50176,                         ,                          ,         0.7647392290249434 , ok         , "(1, 256, 14, 14)"                          , "(1, 256, 14, 14)" ,          1, layer3.4.conv2 + layer3.4.bn2
Conv2d + BatchNorm2d       ,          2, 262144 + 2048     ,      50176,      200704,  51380224, 401408,            314368.0,               200704,                         ,                          ,         1.2831632653061225 , ok         , "(1, 256, 14, 14)"                          , "(1, 1024, 14, 14)",          1, layer3.4.conv3 + layer3.4.bn3
ResidualAdd                ,          1, 0                 ,     401408,      200704,    200704,   1568,            401408.0,               200704,                         ,                          ,       384.0                , ok         , "['(1, 1024, 14, 14)', '(1, 1024, 14, 14)']", "(1, 1024, 14, 14)",          1, residual_add_15
Conv2d + BatchNorm2d + ReLU,          3, 262144 + 512 + 0  ,     200704,       50176,  51380224, 401408,            463360.0,                50176,                         ,                          ,         1.2793367346938775 , ok         , "(1, 1024, 14, 14)"                         , "(1, 256, 14, 14)" ,          1, layer3.5.conv1 + layer3.5.bn1 + layer3.5.relu
Conv2d + BatchNorm2d       ,          2, 589824 + 512      ,      50176,       50176, 115605504, 903168,            640512.0,                50176,                         ,                          ,         0.7647392290249434 , ok         , "(1, 256, 14, 14)"                          , "(1, 256, 14, 14)" ,          1, layer3.5.conv2 + layer3.5.bn2
Conv2d + BatchNorm2d       ,          2, 262144 + 2048     ,      50176,      200704,  51380224, 401408,            314368.0,               200704,                         ,                          ,         1.2831632653061225 , ok         , "(1, 256, 14, 14)"                          , "(1, 1024, 14, 14)",          1, layer3.5.conv3 + layer3.5.bn3
ResidualAdd                ,          1, 0                 ,     401408,      200704,    200704,   1568,            401408.0,               200704,                         ,                          ,       384.0                , ok         , "['(1, 1024, 14, 14)', '(1, 1024, 14, 14)']", "(1, 1024, 14, 14)",          1, residual_add_16
Conv2d + BatchNorm2d + ReLU,          3, 262144 + 512 + 0  ,     200704,       50176,  51380224, 401408,            463360.0,                50176,                         ,                          ,         1.2793367346938775 , ok         , "(1, 1024, 14, 14)"                         , "(1, 256, 14, 14)" ,          1, layer3.6.conv1 + layer3.6.bn1 + layer3.6.relu
Conv2d + BatchNorm2d       ,          2, 589824 + 512      ,      50176,       50176, 115605504, 903168,            640512.0,                50176,                         ,                          ,         0.7647392290249434 , ok         , "(1, 256, 14, 14)"                          , "(1, 256, 14, 14)" ,          1, layer3.6.conv2 + layer3.6.bn2
Conv2d + BatchNorm2d       ,          2, 262144 + 2048     ,      50176,      200704,  51380224, 401408,            314368.0,               200704,                         ,                          ,         1.2831632653061225 , ok         , "(1, 256, 14, 14)"                          , "(1, 1024, 14, 14)",          1, layer3.6.conv3 + layer3.6.bn3
ResidualAdd                ,          1, 0                 ,     401408,      200704,    200704,   1568,            401408.0,               200704,                         ,                          ,       384.0                , ok         , "['(1, 1024, 14, 14)', '(1, 1024, 14, 14)']", "(1, 1024, 14, 14)",          1, residual_add_17
Conv2d + BatchNorm2d + ReLU,          3, 262144 + 512 + 0  ,     200704,       50176,  51380224, 401408,            463360.0,                50176,                         ,                          ,         1.2793367346938775 , ok         , "(1, 1024, 14, 14)"                         , "(1, 256, 14, 14)" ,          1, layer3.7.conv1 + layer3.7.bn1 + layer3.7.relu
Conv2d + BatchNorm2d       ,          2, 589824 + 512      ,      50176,       50176, 115605504, 903168,            640512.0,                50176,                         ,                          ,         0.7647392290249434 , ok         , "(1, 256, 14, 14)"                          , "(1, 256, 14, 14)" ,          1, layer3.7.conv2 + layer3.7.bn2
Conv2d + BatchNorm2d       ,          2, 262144 + 2048     ,      50176,      200704,  51380224, 401408,            314368.0,               200704,                         ,                          ,         1.2831632653061225 , ok         , "(1, 256, 14, 14)"                          , "(1, 1024, 14, 14)",          1, layer3.7.conv3 + layer3.7.bn3
ResidualAdd                ,          1, 0                 ,     401408,      200704,    200704,   1568,            401408.0,               200704,                         ,                          ,       384.0                , ok         , "['(1, 1024, 14, 14)', '(1, 1024, 14, 14)']", "(1, 1024, 14, 14)",          1, residual_add_18
Conv2d + BatchNorm2d + ReLU,          3, 262144 + 512 + 0  ,     200704,       50176,  51380224, 401408,            463360.0,                50176,                         ,                          ,         1.2793367346938775 , ok         , "(1, 1024, 14, 14)"                         , "(1, 256, 14, 14)" ,          1, layer3.8.conv1 + layer3.8.bn1 + layer3.8.relu
Conv2d + BatchNorm2d       ,          2, 589824 + 512      ,      50176,       50176, 115605504, 903168,            640512.0,                50176,                         ,                          ,         0.7647392290249434 , ok         , "(1, 256, 14, 14)"                          , "(1, 256, 14, 14)" ,          1, layer3.8.conv2 + layer3.8.bn2
Conv2d + BatchNorm2d       ,          2, 262144 + 2048     ,      50176,      200704,  51380224, 401408,            314368.0,               200704,                         ,                          ,         1.2831632653061225 , ok         , "(1, 256, 14, 14)"                          , "(1, 1024, 14, 14)",          1, layer3.8.conv3 + layer3.8.bn3
ResidualAdd                ,          1, 0                 ,     401408,      200704,    200704,   1568,            401408.0,               200704,                         ,                          ,       384.0                , ok         , "['(1, 1024, 14, 14)', '(1, 1024, 14, 14)']", "(1, 1024, 14, 14)",          1, residual_add_19
Conv2d + BatchNorm2d + ReLU,          3, 262144 + 512 + 0  ,     200704,       50176,  51380224, 401408,            463360.0,                50176,                         ,                          ,         1.2793367346938775 , ok         , "(1, 1024, 14, 14)"                         , "(1, 256, 14, 14)" ,          1, layer3.9.conv1 + layer3.9.bn1 + layer3.9.relu
Conv2d + BatchNorm2d       ,          2, 589824 + 512      ,      50176,       50176, 115605504, 903168,            640512.0,                50176,                         ,                          ,         0.7647392290249434 , ok         , "(1, 256, 14, 14)"                          , "(1, 256, 14, 14)" ,          1, layer3.9.conv2 + layer3.9.bn2
Conv2d + BatchNorm2d       ,          2, 262144 + 2048     ,      50176,      200704,  51380224, 401408,            314368.0,               200704,                         ,                          ,         1.2831632653061225 , ok         , "(1, 256, 14, 14)"                          , "(1, 1024, 14, 14)",          1, layer3.9.conv3 + layer3.9.bn3
ResidualAdd                ,          1, 0                 ,     401408,      200704,    200704,   1568,            401408.0,               200704,                         ,                          ,       384.0                , ok         , "['(1, 1024, 14, 14)', '(1, 1024, 14, 14)']", "(1, 1024, 14, 14)",          1, residual_add_20
Conv2d + BatchNorm2d + ReLU,          3, 262144 + 512 + 0  ,     200704,       50176,  51380224, 401408,            463360.0,                50176,                         ,                          ,         1.2793367346938775 , ok         , "(1, 1024, 14, 14)"                         , "(1, 256, 14, 14)" ,          1, layer3.10.conv1 + layer3.10.bn1 + layer3.10.relu
Conv2d + BatchNorm2d       ,          2, 589824 + 512      ,      50176,       50176, 115605504, 903168,            640512.0,                50176,                         ,                          ,         0.7647392290249434 , ok         , "(1, 256, 14, 14)"                          , "(1, 256, 14, 14)" ,          1, layer3.10.conv2 + layer3.10.bn2
Conv2d + BatchNorm2d       ,          2, 262144 + 2048     ,      50176,      200704,  51380224, 401408,            314368.0,               200704,                         ,                          ,         1.2831632653061225 , ok         , "(1, 256, 14, 14)"                          , "(1, 1024, 14, 14)",          1, layer3.10.conv3 + layer3.10.bn3
ResidualAdd                ,          1, 0                 ,     401408,      200704,    200704,   1568,            401408.0,               200704,                         ,                          ,       384.0                , ok         , "['(1, 1024, 14, 14)', '(1, 1024, 14, 14)']", "(1, 1024, 14, 14)",          1, residual_add_21
Conv2d + BatchNorm2d + ReLU,          3, 262144 + 512 + 0  ,     200704,       50176,  51380224, 401408,            463360.0,                50176,                         ,                          ,         1.2793367346938775 , ok         , "(1, 1024, 14, 14)"                         , "(1, 256, 14, 14)" ,          1, layer3.11.conv1 + layer3.11.bn1 + layer3.11.relu
Conv2d + BatchNorm2d       ,          2, 589824 + 512      ,      50176,       50176, 115605504, 903168,            640512.0,                50176,                         ,                          ,         0.7647392290249434 , ok         , "(1, 256, 14, 14)"                          , "(1, 256, 14, 14)" ,          1, layer3.11.conv2 + layer3.11.bn2
Conv2d + BatchNorm2d       ,          2, 262144 + 2048     ,      50176,      200704,  51380224, 401408,            314368.0,               200704,                         ,                          ,         1.2831632653061225 , ok         , "(1, 256, 14, 14)"                          , "(1, 1024, 14, 14)",          1, layer3.11.conv3 + layer3.11.bn3
ResidualAdd                ,          1, 0                 ,     401408,      200704,    200704,   1568,            401408.0,               200704,                         ,                          ,       384.0                , ok         , "['(1, 1024, 14, 14)', '(1, 1024, 14, 14)']", "(1, 1024, 14, 14)",          1, residual_add_22
Conv2d + BatchNorm2d + ReLU,          3, 262144 + 512 + 0  ,     200704,       50176,  51380224, 401408,            463360.0,                50176,                         ,                          ,         1.2793367346938775 , ok         , "(1, 1024, 14, 14)"                         , "(1, 256, 14, 14)" ,          1, layer3.12.conv1 + layer3.12.bn1 + layer3.12.relu
Conv2d + BatchNorm2d       ,          2, 589824 + 512      ,      50176,       50176, 115605504, 903168,            640512.0,                50176,                         ,                          ,         0.7647392290249434 , ok         , "(1, 256, 14, 14)"                          , "(1, 256, 14, 14)" ,          1, layer3.12.conv2 + layer3.12.bn2
Conv2d + BatchNorm2d       ,          2, 262144 + 2048     ,      50176,      200704,  51380224, 401408,            314368.0,               200704,                         ,                          ,         1.2831632653061225 , ok         , "(1, 256, 14, 14)"                          , "(1, 1024, 14, 14)",          1, layer3.12.conv3 + layer3.12.bn3
ResidualAdd                ,          1, 0                 ,     401408,      200704,    200704,   1568,            401408.0,               200704,                         ,                          ,       384.0                , ok         , "['(1, 1024, 14, 14)', '(1, 1024, 14, 14)']", "(1, 1024, 14, 14)",          1, residual_add_23
Conv2d + BatchNorm2d + ReLU,          3, 262144 + 512 + 0  ,     200704,       50176,  51380224, 401408,            463360.0,                50176,                         ,                          ,         1.2793367346938775 , ok         , "(1, 1024, 14, 14)"                         , "(1, 256, 14, 14)" ,          1, layer3.13.conv1 + layer3.13.bn1 + layer3.13.relu
Conv2d + BatchNorm2d       ,          2, 589824 + 512      ,      50176,       50176, 115605504, 903168,            640512.0,                50176,                         ,                          ,         0.7647392290249434 , ok         , "(1, 256, 14, 14)"                          , "(1, 256, 14, 14)" ,          1, layer3.13.conv2 + layer3.13.bn2
Conv2d + BatchNorm2d       ,          2, 262144 + 2048     ,      50176,      200704,  51380224, 401408,            314368.0,               200704,                         ,                          ,         1.2831632653061225 , ok         , "(1, 256, 14, 14)"                          , "(1, 1024, 14, 14)",          1, layer3.13.conv3 + layer3.13.bn3
ResidualAdd                ,          1, 0                 ,     401408,      200704,    200704,   1568,            401408.0,               200704,                         ,                          ,       384.0                , ok         , "['(1, 1024, 14, 14)', '(1, 1024, 14, 14)']", "(1, 1024, 14, 14)",          1, residual_add_24
Conv2d + BatchNorm2d + ReLU,          3, 262144 + 512 + 0  ,     200704,       50176,  51380224, 401408,            463360.0,                50176,                         ,                          ,         1.2793367346938775 , ok         , "(1, 1024, 14, 14)"                         , "(1, 256, 14, 14)" ,          1, layer3.14.conv1 + layer3.14.bn1 + layer3.14.relu
Conv2d + BatchNorm2d       ,          2, 589824 + 512      ,      50176,       50176, 115605504, 903168,            640512.0,                50176,                         ,                          ,         0.7647392290249434 , ok         , "(1, 256, 14, 14)"                          , "(1, 256, 14, 14)" ,          1, layer3.14.conv2 + layer3.14.bn2
Conv2d + BatchNorm2d       ,          2, 262144 + 2048     ,      50176,      200704,  51380224, 401408,            314368.0,               200704,                         ,                          ,         1.2831632653061225 , ok         , "(1, 256, 14, 14)"                          , "(1, 1024, 14, 14)",          1, layer3.14.conv3 + layer3.14.bn3
ResidualAdd                ,          1, 0                 ,     401408,      200704,    200704,   1568,            401408.0,               200704,                         ,                          ,       384.0                , ok         , "['(1, 1024, 14, 14)', '(1, 1024, 14, 14)']", "(1, 1024, 14, 14)",          1, residual_add_25
Conv2d + BatchNorm2d + ReLU,          3, 262144 + 512 + 0  ,     200704,       50176,  51380224, 401408,            463360.0,                50176,                         ,                          ,         1.2793367346938775 , ok         , "(1, 1024, 14, 14)"                         , "(1, 256, 14, 14)" ,          1, layer3.15.conv1 + layer3.15.bn1 + layer3.15.relu
Conv2d + BatchNorm2d       ,          2, 589824 + 512      ,      50176,       50176, 115605504, 903168,            640512.0,                50176,                         ,                          ,         0.7647392290249434 , ok         , "(1, 256, 14, 14)"                          , "(1, 256, 14, 14)" ,          1, layer3.15.conv2 + layer3.15.bn2
Conv2d + BatchNorm2d       ,          2, 262144 + 2048     ,      50176,      200704,  51380224, 401408,            314368.0,               200704,                         ,                          ,         1.2831632653061225 , ok         , "(1, 256, 14, 14)"                          , "(1, 1024, 14, 14)",          1, layer3.15.conv3 + layer3.15.bn3
ResidualAdd                ,          1, 0                 ,     401408,      200704,    200704,   1568,            401408.0,               200704,                         ,                          ,       384.0                , ok         , "['(1, 1024, 14, 14)', '(1, 1024, 14, 14)']", "(1, 1024, 14, 14)",          1, residual_add_26
Conv2d + BatchNorm2d + ReLU,          3, 262144 + 512 + 0  ,     200704,       50176,  51380224, 401408,            463360.0,                50176,                         ,                          ,         1.2793367346938775 , ok         , "(1, 1024, 14, 14)"                         , "(1, 256, 14, 14)" ,          1, layer3.16.conv1 + layer3.16.bn1 + layer3.16.relu
Conv2d + BatchNorm2d       ,          2, 589824 + 512      ,      50176,       50176, 115605504, 903168,            640512.0,                50176,                         ,                          ,         0.7647392290249434 , ok         , "(1, 256, 14, 14)"                          , "(1, 256, 14, 14)" ,          1, layer3.16.conv2 + layer3.16.bn2
Conv2d + BatchNorm2d       ,          2, 262144 + 2048     ,      50176,      200704,  51380224, 401408,            314368.0,               200704,                         ,                          ,         1.2831632653061225 , ok         , "(1, 256, 14, 14)"                          , "(1, 1024, 14, 14)",          1, layer3.16.conv3 + layer3.16.bn3
ResidualAdd                ,          1, 0                 ,     401408,      200704,    200704,   1568,            401408.0,               200704,                         ,                          ,       384.0                , ok         , "['(1, 1024, 14, 14)', '(1, 1024, 14, 14)']", "(1, 1024, 14, 14)",          1, residual_add_27
Conv2d + BatchNorm2d + ReLU,          3, 262144 + 512 + 0  ,     200704,       50176,  51380224, 401408,            463360.0,                50176,                         ,                          ,         1.2793367346938775 , ok         , "(1, 1024, 14, 14)"                         , "(1, 256, 14, 14)" ,          1, layer3.17.conv1 + layer3.17.bn1 + layer3.17.relu
Conv2d + BatchNorm2d       ,          2, 589824 + 512      ,      50176,       50176, 115605504, 903168,            640512.0,                50176,                         ,                          ,         0.7647392290249434 , ok         , "(1, 256, 14, 14)"                          , "(1, 256, 14, 14)" ,          1, layer3.17.conv2 + layer3.17.bn2
Conv2d + BatchNorm2d       ,          2, 262144 + 2048     ,      50176,      200704,  51380224, 401408,            314368.0,               200704,                         ,                          ,         1.2831632653061225 , ok         , "(1, 256, 14, 14)"                          , "(1, 1024, 14, 14)",          1, layer3.17.conv3 + layer3.17.bn3
ResidualAdd                ,          1, 0                 ,     401408,      200704,    200704,   1568,            401408.0,               200704,                         ,                          ,       384.0                , ok         , "['(1, 1024, 14, 14)', '(1, 1024, 14, 14)']", "(1, 1024, 14, 14)",          1, residual_add_28
Conv2d + BatchNorm2d + ReLU,          3, 262144 + 512 + 0  ,     200704,       50176,  51380224, 401408,            463360.0,                50176,                         ,                          ,         1.2793367346938775 , ok         , "(1, 1024, 14, 14)"                         , "(1, 256, 14, 14)" ,          1, layer3.18.conv1 + layer3.18.bn1 + layer3.18.relu
Conv2d + BatchNorm2d       ,          2, 589824 + 512      ,      50176,       50176, 115605504, 903168,            640512.0,                50176,                         ,                          ,         0.7647392290249434 , ok         , "(1, 256, 14, 14)"                          , "(1, 256, 14, 14)" ,          1, layer3.18.conv2 + layer3.18.bn2
Conv2d + BatchNorm2d       ,          2, 262144 + 2048     ,      50176,      200704,  51380224, 401408,            314368.0,               200704,                         ,                          ,         1.2831632653061225 , ok         , "(1, 256, 14, 14)"                          , "(1, 1024, 14, 14)",          1, layer3.18.conv3 + layer3.18.bn3
ResidualAdd                ,          1, 0                 ,     401408,      200704,    200704,   1568,            401408.0,               200704,                         ,                          ,       384.0                , ok         , "['(1, 1024, 14, 14)', '(1, 1024, 14, 14)']", "(1, 1024, 14, 14)",          1, residual_add_29
Conv2d + BatchNorm2d + ReLU,          3, 262144 + 512 + 0  ,     200704,       50176,  51380224, 401408,            463360.0,                50176,                         ,                          ,         1.2793367346938775 , ok         , "(1, 1024, 14, 14)"                         , "(1, 256, 14, 14)" ,          1, layer3.19.conv1 + layer3.19.bn1 + layer3.19.relu
Conv2d + BatchNorm2d       ,          2, 589824 + 512      ,      50176,       50176, 115605504, 903168,            640512.0,                50176,                         ,                          ,         0.7647392290249434 , ok         , "(1, 256, 14, 14)"                          , "(1, 256, 14, 14)" ,          1, layer3.19.conv2 + layer3.19.bn2
Conv2d + BatchNorm2d       ,          2, 262144 + 2048     ,      50176,      200704,  51380224, 401408,            314368.0,               200704,                         ,                          ,         1.2831632653061225 , ok         , "(1, 256, 14, 14)"                          , "(1, 1024, 14, 14)",          1, layer3.19.conv3 + layer3.19.bn3
ResidualAdd                ,          1, 0                 ,     401408,      200704,    200704,   1568,            401408.0,               200704,                         ,                          ,       384.0                , ok         , "['(1, 1024, 14, 14)', '(1, 1024, 14, 14)']", "(1, 1024, 14, 14)",          1, residual_add_30
Conv2d + BatchNorm2d + ReLU,          3, 262144 + 512 + 0  ,     200704,       50176,  51380224, 401408,            463360.0,                50176,                         ,                          ,         1.2793367346938775 , ok         , "(1, 1024, 14, 14)"                         , "(1, 256, 14, 14)" ,          1, layer3.20.conv1 + layer3.20.bn1 + layer3.20.relu
Conv2d + BatchNorm2d       ,          2, 589824 + 512      ,      50176,       50176, 115605504, 903168,            640512.0,                50176,                         ,                          ,         0.7647392290249434 , ok         , "(1, 256, 14, 14)"                          , "(1, 256, 14, 14)" ,          1, layer3.20.conv2 + layer3.20.bn2
Conv2d + BatchNorm2d       ,          2, 262144 + 2048     ,      50176,      200704,  51380224, 401408,            314368.0,               200704,                         ,                          ,         1.2831632653061225 , ok         , "(1, 256, 14, 14)"                          , "(1, 1024, 14, 14)",          1, layer3.20.conv3 + layer3.20.bn3
ResidualAdd                ,          1, 0                 ,     401408,      200704,    200704,   1568,            401408.0,               200704,                         ,                          ,       384.0                , ok         , "['(1, 1024, 14, 14)', '(1, 1024, 14, 14)']", "(1, 1024, 14, 14)",          1, residual_add_31
Conv2d + BatchNorm2d + ReLU,          3, 262144 + 512 + 0  ,     200704,       50176,  51380224, 401408,            463360.0,                50176,                         ,                          ,         1.2793367346938775 , ok         , "(1, 1024, 14, 14)"                         , "(1, 256, 14, 14)" ,          1, layer3.21.conv1 + layer3.21.bn1 + layer3.21.relu
Conv2d + BatchNorm2d       ,          2, 589824 + 512      ,      50176,       50176, 115605504, 903168,            640512.0,                50176,                         ,                          ,         0.7647392290249434 , ok         , "(1, 256, 14, 14)"                          , "(1, 256, 14, 14)" ,          1, layer3.21.conv2 + layer3.21.bn2
Conv2d + BatchNorm2d       ,          2, 262144 + 2048     ,      50176,      200704,  51380224, 401408,            314368.0,               200704,                         ,                          ,         1.2831632653061225 , ok         , "(1, 256, 14, 14)"                          , "(1, 1024, 14, 14)",          1, layer3.21.conv3 + layer3.21.bn3
ResidualAdd                ,          1, 0                 ,     401408,      200704,    200704,   1568,            401408.0,               200704,                         ,                          ,       384.0                , ok         , "['(1, 1024, 14, 14)', '(1, 1024, 14, 14)']", "(1, 1024, 14, 14)",          1, residual_add_32
Conv2d + BatchNorm2d + ReLU,          3, 262144 + 512 + 0  ,     200704,       50176,  51380224, 401408,            463360.0,                50176,                         ,                          ,         1.2793367346938775 , ok         , "(1, 1024, 14, 14)"                         , "(1, 256, 14, 14)" ,          1, layer3.22.conv1 + layer3.22.bn1 + layer3.22.relu
Conv2d + BatchNorm2d       ,          2, 589824 + 512      ,      50176,       50176, 115605504, 903168,            640512.0,                50176,                         ,                          ,         0.7647392290249434 , ok         , "(1, 256, 14, 14)"                          , "(1, 256, 14, 14)" ,          1, layer3.22.conv2 + layer3.22.bn2
Conv2d + BatchNorm2d       ,          2, 262144 + 2048     ,      50176,      200704,  51380224, 401408,            314368.0,               200704,                         ,                          ,         1.2831632653061225 , ok         , "(1, 256, 14, 14)"                          , "(1, 1024, 14, 14)",          1, layer3.22.conv3 + layer3.22.bn3
ResidualAdd                ,          1, 0                 ,     401408,      200704,    200704,   1568,            401408.0,               200704,                         ,                          ,       384.0                , ok         , "['(1, 1024, 14, 14)', '(1, 1024, 14, 14)']", "(1, 1024, 14, 14)",          1, residual_add_33
Conv2d + BatchNorm2d + ReLU,          3, 262144 + 512 + 0  ,     200704,       50176,  51380224, 401408,            463360.0,                50176,                         ,                          ,         1.2793367346938775 , ok         , "(1, 1024, 14, 14)"                         , "(1, 256, 14, 14)" ,          1, layer3.23.conv1 + layer3.23.bn1 + layer3.23.relu
Conv2d + BatchNorm2d       ,          2, 589824 + 512      ,      50176,       50176, 115605504, 903168,            640512.0,                50176,                         ,                          ,         0.7647392290249434 , ok         , "(1, 256, 14, 14)"                          , "(1, 256, 14, 14)" ,          1, layer3.23.conv2 + layer3.23.bn2
Conv2d + BatchNorm2d       ,          2, 262144 + 2048     ,      50176,      200704,  51380224, 401408,            314368.0,               200704,                         ,                          ,         1.2831632653061225 , ok         , "(1, 256, 14, 14)"                          , "(1, 1024, 14, 14)",          1, layer3.23.conv3 + layer3.23.bn3
ResidualAdd                ,          1, 0                 ,     401408,      200704,    200704,   1568,            401408.0,               200704,                         ,                          ,       384.0                , ok         , "['(1, 1024, 14, 14)', '(1, 1024, 14, 14)']", "(1, 1024, 14, 14)",          1, residual_add_34
Conv2d + BatchNorm2d + ReLU,          3, 262144 + 512 + 0  ,     200704,       50176,  51380224, 401408,            463360.0,                50176,                         ,                          ,         1.2793367346938775 , ok         , "(1, 1024, 14, 14)"                         , "(1, 256, 14, 14)" ,          1, layer3.24.conv1 + layer3.24.bn1 + layer3.24.relu
Conv2d + BatchNorm2d       ,          2, 589824 + 512      ,      50176,       50176, 115605504, 903168,            640512.0,                50176,                         ,                          ,         0.7647392290249434 , ok         , "(1, 256, 14, 14)"                          , "(1, 256, 14, 14)" ,          1, layer3.24.conv2 + layer3.24.bn2
Conv2d + BatchNorm2d       ,          2, 262144 + 2048     ,      50176,      200704,  51380224, 401408,            314368.0,               200704,                         ,                          ,         1.2831632653061225 , ok         , "(1, 256, 14, 14)"                          , "(1, 1024, 14, 14)",          1, layer3.24.conv3 + layer3.24.bn3
ResidualAdd                ,          1, 0                 ,     401408,      200704,    200704,   1568,            401408.0,               200704,                         ,                          ,       384.0                , ok         , "['(1, 1024, 14, 14)', '(1, 1024, 14, 14)']", "(1, 1024, 14, 14)",          1, residual_add_35
Conv2d + BatchNorm2d + ReLU,          3, 262144 + 512 + 0  ,     200704,       50176,  51380224, 401408,            463360.0,                50176,                         ,                          ,         1.2793367346938775 , ok         , "(1, 1024, 14, 14)"                         , "(1, 256, 14, 14)" ,          1, layer3.25.conv1 + layer3.25.bn1 + layer3.25.relu
Conv2d + BatchNorm2d       ,          2, 589824 + 512      ,      50176,       50176, 115605504, 903168,            640512.0,                50176,                         ,                          ,         0.7647392290249434 , ok         , "(1, 256, 14, 14)"                          , "(1, 256, 14, 14)" ,          1, layer3.25.conv2 + layer3.25.bn2
Conv2d + BatchNorm2d       ,          2, 262144 + 2048     ,      50176,      200704,  51380224, 401408,            314368.0,               200704,                         ,                          ,         1.2831632653061225 , ok         , "(1, 256, 14, 14)"                          , "(1, 1024, 14, 14)",          1, layer3.25.conv3 + layer3.25.bn3
ResidualAdd                ,          1, 0                 ,     401408,      200704,    200704,   1568,            401408.0,               200704,                         ,                          ,       384.0                , ok         , "['(1, 1024, 14, 14)', '(1, 1024, 14, 14)']", "(1, 1024, 14, 14)",          1, residual_add_36
Conv2d + BatchNorm2d + ReLU,          3, 262144 + 512 + 0  ,     200704,       50176,  51380224, 401408,            463360.0,                50176,                         ,                          ,         1.2793367346938775 , ok         , "(1, 1024, 14, 14)"                         , "(1, 256, 14, 14)" ,          1, layer3.26.conv1 + layer3.26.bn1 + layer3.26.relu
Conv2d + BatchNorm2d       ,          2, 589824 + 512      ,      50176,       50176, 115605504, 903168,            640512.0,                50176,                         ,                          ,         0.7647392290249434 , ok         , "(1, 256, 14, 14)"                          , "(1, 256, 14, 14)" ,          1, layer3.26.conv2 + layer3.26.bn2
Conv2d + BatchNorm2d       ,          2, 262144 + 2048     ,      50176,      200704,  51380224, 401408,            314368.0,               200704,                         ,                          ,         1.2831632653061225 , ok         , "(1, 256, 14, 14)"                          , "(1, 1024, 14, 14)",          1, layer3.26.conv3 + layer3.26.bn3
ResidualAdd                ,          1, 0                 ,     401408,      200704,    200704,   1568,            401408.0,               200704,                         ,                          ,       384.0                , ok         , "['(1, 1024, 14, 14)', '(1, 1024, 14, 14)']", "(1, 1024, 14, 14)",          1, residual_add_37
Conv2d + BatchNorm2d + ReLU,          3, 262144 + 512 + 0  ,     200704,       50176,  51380224, 401408,            463360.0,                50176,                         ,                          ,         1.2793367346938775 , ok         , "(1, 1024, 14, 14)"                         , "(1, 256, 14, 14)" ,          1, layer3.27.conv1 + layer3.27.bn1 + layer3.27.relu
Conv2d + BatchNorm2d       ,          2, 589824 + 512      ,      50176,       50176, 115605504, 903168,            640512.0,                50176,                         ,                          ,         0.7647392290249434 , ok         , "(1, 256, 14, 14)"                          , "(1, 256, 14, 14)" ,          1, layer3.27.conv2 + layer3.27.bn2
Conv2d + BatchNorm2d       ,          2, 262144 + 2048     ,      50176,      200704,  51380224, 401408,            314368.0,               200704,                         ,                          ,         1.2831632653061225 , ok         , "(1, 256, 14, 14)"                          , "(1, 1024, 14, 14)",          1, layer3.27.conv3 + layer3.27.bn3
ResidualAdd                ,          1, 0                 ,     401408,      200704,    200704,   1568,            401408.0,               200704,                         ,                          ,       384.0                , ok         , "['(1, 1024, 14, 14)', '(1, 1024, 14, 14)']", "(1, 1024, 14, 14)",          1, residual_add_38
Conv2d + BatchNorm2d + ReLU,          3, 262144 + 512 + 0  ,     200704,       50176,  51380224, 401408,            463360.0,                50176,                         ,                          ,         1.2793367346938775 , ok         , "(1, 1024, 14, 14)"                         , "(1, 256, 14, 14)" ,          1, layer3.28.conv1 + layer3.28.bn1 + layer3.28.relu
Conv2d + BatchNorm2d       ,          2, 589824 + 512      ,      50176,       50176, 115605504, 903168,            640512.0,                50176,                         ,                          ,         0.7647392290249434 , ok         , "(1, 256, 14, 14)"                          , "(1, 256, 14, 14)" ,          1, layer3.28.conv2 + layer3.28.bn2
Conv2d + BatchNorm2d       ,          2, 262144 + 2048     ,      50176,      200704,  51380224, 401408,            314368.0,               200704,                         ,                          ,         1.2831632653061225 , ok         , "(1, 256, 14, 14)"                          , "(1, 1024, 14, 14)",          1, layer3.28.conv3 + layer3.28.bn3
ResidualAdd                ,          1, 0                 ,     401408,      200704,    200704,   1568,            401408.0,               200704,                         ,                          ,       384.0                , ok         , "['(1, 1024, 14, 14)', '(1, 1024, 14, 14)']", "(1, 1024, 14, 14)",          1, residual_add_39
Conv2d + BatchNorm2d + ReLU,          3, 262144 + 512 + 0  ,     200704,       50176,  51380224, 401408,            463360.0,                50176,                         ,                          ,         1.2793367346938775 , ok         , "(1, 1024, 14, 14)"                         , "(1, 256, 14, 14)" ,          1, layer3.29.conv1 + layer3.29.bn1 + layer3.29.relu
Conv2d + BatchNorm2d       ,          2, 589824 + 512      ,      50176,       50176, 115605504, 903168,            640512.0,                50176,                         ,                          ,         0.7647392290249434 , ok         , "(1, 256, 14, 14)"                          , "(1, 256, 14, 14)" ,          1, layer3.29.conv2 + layer3.29.bn2
Conv2d + BatchNorm2d       ,          2, 262144 + 2048     ,      50176,      200704,  51380224, 401408,            314368.0,               200704,                         ,                          ,         1.2831632653061225 , ok         , "(1, 256, 14, 14)"                          , "(1, 1024, 14, 14)",          1, layer3.29.conv3 + layer3.29.bn3
ResidualAdd                ,          1, 0                 ,     401408,      200704,    200704,   1568,            401408.0,               200704,                         ,                          ,       384.0                , ok         , "['(1, 1024, 14, 14)', '(1, 1024, 14, 14)']", "(1, 1024, 14, 14)",          1, residual_add_40
Conv2d + BatchNorm2d + ReLU,          3, 262144 + 512 + 0  ,     200704,       50176,  51380224, 401408,            463360.0,                50176,                         ,                          ,         1.2793367346938775 , ok         , "(1, 1024, 14, 14)"                         , "(1, 256, 14, 14)" ,          1, layer3.30.conv1 + layer3.30.bn1 + layer3.30.relu
Conv2d + BatchNorm2d       ,          2, 589824 + 512      ,      50176,       50176, 115605504, 903168,            640512.0,                50176,                         ,                          ,         0.7647392290249434 , ok         , "(1, 256, 14, 14)"                          , "(1, 256, 14, 14)" ,          1, layer3.30.conv2 + layer3.30.bn2
Conv2d + BatchNorm2d       ,          2, 262144 + 2048     ,      50176,      200704,  51380224, 401408,            314368.0,               200704,                         ,                          ,         1.2831632653061225 , ok         , "(1, 256, 14, 14)"                          , "(1, 1024, 14, 14)",          1, layer3.30.conv3 + layer3.30.bn3
ResidualAdd                ,          1, 0                 ,     401408,      200704,    200704,   1568,            401408.0,               200704,                         ,                          ,       384.0                , ok         , "['(1, 1024, 14, 14)', '(1, 1024, 14, 14)']", "(1, 1024, 14, 14)",          1, residual_add_41
Conv2d + BatchNorm2d + ReLU,          3, 262144 + 512 + 0  ,     200704,       50176,  51380224, 401408,            463360.0,                50176,                         ,                          ,         1.2793367346938775 , ok         , "(1, 1024, 14, 14)"                         , "(1, 256, 14, 14)" ,          1, layer3.31.conv1 + layer3.31.bn1 + layer3.31.relu
Conv2d + BatchNorm2d       ,          2, 589824 + 512      ,      50176,       50176, 115605504, 903168,            640512.0,                50176,                         ,                          ,         0.7647392290249434 , ok         , "(1, 256, 14, 14)"                          , "(1, 256, 14, 14)" ,          1, layer3.31.conv2 + layer3.31.bn2
Conv2d + BatchNorm2d       ,          2, 262144 + 2048     ,      50176,      200704,  51380224, 401408,            314368.0,               200704,                         ,                          ,         1.2831632653061225 , ok         , "(1, 256, 14, 14)"                          , "(1, 1024, 14, 14)",          1, layer3.31.conv3 + layer3.31.bn3
ResidualAdd                ,          1, 0                 ,     401408,      200704,    200704,   1568,            401408.0,               200704,                         ,                          ,       384.0                , ok         , "['(1, 1024, 14, 14)', '(1, 1024, 14, 14)']", "(1, 1024, 14, 14)",          1, residual_add_42
Conv2d + BatchNorm2d + ReLU,          3, 262144 + 512 + 0  ,     200704,       50176,  51380224, 401408,            463360.0,                50176,                         ,                          ,         1.2793367346938775 , ok         , "(1, 1024, 14, 14)"                         , "(1, 256, 14, 14)" ,          1, layer3.32.conv1 + layer3.32.bn1 + layer3.32.relu
Conv2d + BatchNorm2d       ,          2, 589824 + 512      ,      50176,       50176, 115605504, 903168,            640512.0,                50176,                         ,                          ,         0.7647392290249434 , ok         , "(1, 256, 14, 14)"                          , "(1, 256, 14, 14)" ,          1, layer3.32.conv2 + layer3.32.bn2
Conv2d + BatchNorm2d       ,          2, 262144 + 2048     ,      50176,      200704,  51380224, 401408,            314368.0,               200704,                         ,                          ,         1.2831632653061225 , ok         , "(1, 256, 14, 14)"                          , "(1, 1024, 14, 14)",          1, layer3.32.conv3 + layer3.32.bn3
ResidualAdd                ,          1, 0                 ,     401408,      200704,    200704,   1568,            401408.0,               200704,                         ,                          ,       384.0                , ok         , "['(1, 1024, 14, 14)', '(1, 1024, 14, 14)']", "(1, 1024, 14, 14)",          1, residual_add_43
Conv2d + BatchNorm2d + ReLU,          3, 262144 + 512 + 0  ,     200704,       50176,  51380224, 401408,            463360.0,                50176,                         ,                          ,         1.2793367346938775 , ok         , "(1, 1024, 14, 14)"                         , "(1, 256, 14, 14)" ,          1, layer3.33.conv1 + layer3.33.bn1 + layer3.33.relu
Conv2d + BatchNorm2d       ,          2, 589824 + 512      ,      50176,       50176, 115605504, 903168,            640512.0,                50176,                         ,                          ,         0.7647392290249434 , ok         , "(1, 256, 14, 14)"                          , "(1, 256, 14, 14)" ,          1, layer3.33.conv2 + layer3.33.bn2
Conv2d + BatchNorm2d       ,          2, 262144 + 2048     ,      50176,      200704,  51380224, 401408,            314368.0,               200704,                         ,                          ,         1.2831632653061225 , ok         , "(1, 256, 14, 14)"                          , "(1, 1024, 14, 14)",          1, layer3.33.conv3 + layer3.33.bn3
ResidualAdd                ,          1, 0                 ,     401408,      200704,    200704,   1568,            401408.0,               200704,                         ,                          ,       384.0                , ok         , "['(1, 1024, 14, 14)', '(1, 1024, 14, 14)']", "(1, 1024, 14, 14)",          1, residual_add_44
Conv2d + BatchNorm2d + ReLU,          3, 262144 + 512 + 0  ,     200704,       50176,  51380224, 401408,            463360.0,                50176,                         ,                          ,         1.2793367346938775 , ok         , "(1, 1024, 14, 14)"                         , "(1, 256, 14, 14)" ,          1, layer3.34.conv1 + layer3.34.bn1 + layer3.34.relu
Conv2d + BatchNorm2d       ,          2, 589824 + 512      ,      50176,       50176, 115605504, 903168,            640512.0,                50176,                         ,                          ,         0.7647392290249434 , ok         , "(1, 256, 14, 14)"                          , "(1, 256, 14, 14)" ,          1, layer3.34.conv2 + layer3.34.bn2
Conv2d + BatchNorm2d       ,          2, 262144 + 2048     ,      50176,      200704,  51380224, 401408,            314368.0,               200704,                         ,                          ,         1.2831632653061225 , ok         , "(1, 256, 14, 14)"                          , "(1, 1024, 14, 14)",          1, layer3.34.conv3 + layer3.34.bn3
ResidualAdd                ,          1, 0                 ,     401408,      200704,    200704,   1568,            401408.0,               200704,                         ,                          ,       384.0                , ok         , "['(1, 1024, 14, 14)', '(1, 1024, 14, 14)']", "(1, 1024, 14, 14)",          1, residual_add_45
Conv2d + BatchNorm2d + ReLU,          3, 262144 + 512 + 0  ,     200704,       50176,  51380224, 401408,            463360.0,                50176,                         ,                          ,         1.2793367346938775 , ok         , "(1, 1024, 14, 14)"                         , "(1, 256, 14, 14)" ,          1, layer3.35.conv1 + layer3.35.bn1 + layer3.35.relu
Conv2d + BatchNorm2d       ,          2, 589824 + 512      ,      50176,       50176, 115605504, 903168,            640512.0,                50176,                         ,                          ,         0.7647392290249434 , ok         , "(1, 256, 14, 14)"                          , "(1, 256, 14, 14)" ,          1, layer3.35.conv2 + layer3.35.bn2
Conv2d + BatchNorm2d       ,          2, 262144 + 2048     ,      50176,      200704,  51380224, 401408,            314368.0,               200704,                         ,                          ,         1.2831632653061225 , ok         , "(1, 256, 14, 14)"                          , "(1, 1024, 14, 14)",          1, layer3.35.conv3 + layer3.35.bn3
ResidualAdd                ,          1, 0                 ,     401408,      200704,    200704,   1568,            401408.0,               200704,                         ,                          ,       384.0                , ok         , "['(1, 1024, 14, 14)', '(1, 1024, 14, 14)']", "(1, 1024, 14, 14)",          1, residual_add_46
Conv2d + BatchNorm2d + ReLU,          3, 524288 + 1024 + 0 ,     200704,      100352, 102760448, 802816,            726016.0,               100352,                         ,                          ,         1.0293367346938775 , ok         , "(1, 1024, 14, 14)"                         , "(1, 512, 14, 14)" ,          1, layer4.0.conv1 + layer4.0.bn1 + layer4.0.relu
Conv2d + BatchNorm2d       ,          2, 2359296 + 1024    ,     100352,       25088, 115605504, 903168,           2460672.0,                25088,                         ,                          ,         2.752267573696145  , ok         , "(1, 512, 14, 14)"                          , "(1, 512, 7, 7)"   ,          1, layer4.0.conv2 + layer4.0.bn2
Conv2d + BatchNorm2d       ,          2, 1048576 + 4096    ,      25088,      100352,  51380224, 401408,           1077760.0,               100352,                         ,                          ,         2.934948979591837  , ok         , "(1, 512, 7, 7)"                            , "(1, 2048, 7, 7)"  ,          1, layer4.0.conv3 + layer4.0.bn3
Conv2d + BatchNorm2d       ,          2, 2097152 + 4096    ,     200704,      100352, 102760448, 802816,           2301952.0,               100352,                         ,                          ,         2.99234693877551   , ok         , "(1, 1024, 14, 14)"                         , "(1, 2048, 7, 7)"  ,          1, layer4.0.downsample.0 + layer4.0.downsample.1
ResidualAdd                ,          1, 0                 ,     200704,      100352,    100352,    784,            200704.0,               100352,                         ,                          ,       384.0                , ok         , "['(1, 2048, 7, 7)', '(1, 2048, 7, 7)']"    , "(1, 2048, 7, 7)"  ,          1, residual_add_47
Conv2d + BatchNorm2d + ReLU,          3, 1048576 + 1024 + 0,     100352,       25088,  51380224, 401408,           1149952.0,                25088,                         ,                          ,         2.927295918367347  , ok         , "(1, 2048, 7, 7)"                           , "(1, 512, 7, 7)"   ,          1, layer4.1.conv1 + layer4.1.bn1 + layer4.1.relu
Conv2d + BatchNorm2d       ,          2, 2359296 + 1024    ,      25088,       25088, 115605504, 903168,           2385408.0,                25088,                         ,                          ,         2.6689342403628116 , ok         , "(1, 512, 7, 7)"                            , "(1, 512, 7, 7)"   ,          1, layer4.1.conv2 + layer4.1.bn2
Conv2d + BatchNorm2d       ,          2, 1048576 + 4096    ,      25088,      100352,  51380224, 401408,           1077760.0,               100352,                         ,                          ,         2.934948979591837  , ok         , "(1, 512, 7, 7)"                            , "(1, 2048, 7, 7)"  ,          1, layer4.1.conv3 + layer4.1.bn3
ResidualAdd                ,          1, 0                 ,     200704,      100352,    100352,    784,            200704.0,               100352,                         ,                          ,       384.0                , ok         , "['(1, 2048, 7, 7)', '(1, 2048, 7, 7)']"    , "(1, 2048, 7, 7)"  ,          1, residual_add_48
Conv2d + BatchNorm2d + ReLU,          3, 1048576 + 1024 + 0,     100352,       25088,  51380224, 401408,           1149952.0,                25088,                         ,                          ,         2.927295918367347  , ok         , "(1, 2048, 7, 7)"                           , "(1, 512, 7, 7)"   ,          1, layer4.2.conv1 + layer4.2.bn1 + layer4.2.relu
Conv2d + BatchNorm2d       ,          2, 2359296 + 1024    ,      25088,       25088, 115605504, 903168,           2385408.0,                25088,                         ,                          ,         2.6689342403628116 , ok         , "(1, 512, 7, 7)"                            , "(1, 512, 7, 7)"   ,          1, layer4.2.conv2 + layer4.2.bn2
Conv2d + BatchNorm2d       ,          2, 1048576 + 4096    ,      25088,      100352,  51380224, 401408,           1077760.0,               100352,                         ,                          ,         2.934948979591837  , ok         , "(1, 512, 7, 7)"                            , "(1, 2048, 7, 7)"  ,          1, layer4.2.conv3 + layer4.2.bn3
ResidualAdd                ,          1, 0                 ,     200704,      100352,    100352,    784,            200704.0,               100352,                         ,                          ,       384.0                , ok         , "['(1, 2048, 7, 7)', '(1, 2048, 7, 7)']"    , "(1, 2048, 7, 7)"  ,          1, residual_add_49
AdaptiveAvgPool2d          ,          1, 0                 ,     100352,        2048,    100352,    784,            100352.0,                 2048,                         ,                          ,       130.6122448979592    , ok         , "(1, 2048, 7, 7)"                           , "(1, 2048, 1, 1)"  ,          1, avgpool
Linear                     ,          1, 2049000           ,       2048,        1000,   2048000,  16000,           2051048.0,                 1000,                         ,                          ,       128.253              , ok         , "(1, 2048)"                                 , "(1, 1000)"        ,          1, fc
